nuxulu.com/,https://automaly.com/
https://nuxulu.com/,https://automaly.com/
https://nuxulu.com/about/,https://automaly.com/about/
https://nuxulu.com/archives/,https://automaly.com/archives/
https://nuxulu.com/search/,https://automaly.com/search/
https://nuxulu.com/posts/,https://automaly.com/posts/
https://nuxulu.com/lab/,https://automaly.com/lab/
https://nuxulu.com/dev/,https://automaly.com/dev/
https://nuxulu.com/docs/,https://automaly.com/docs/
https://nuxulu.com/series/,https://automaly.com/series/
https://nuxulu.com/tags/,https://automaly.com/tags/
https://nuxulu.com/categories/,https://automaly.com/categories/
https://nuxulu.com/2011-01-01-start-programming/,https://automaly.com/posts/start-programming/
https://nuxulu.com/2013-01-01-microsoft-dynamics-ax-2012-architecture-overview/,https://automaly.com/posts/microsoft-dynamics-ax-2012-architecture-overview/
https://nuxulu.com/2014-10-10-understand-model-store-architectural/,https://automaly.com/posts/understand-model-store-architectural/
https://nuxulu.com/2015-01-27-what-is-the-difference-difference-between-menu-item-display-output-and-action-in-dynamics-ax/,https://automaly.com/posts/what-is-the-difference-difference-between-menu-item-display-output-and-action-in-dynamics-ax/
https://nuxulu.com/2015-02-04-create-and-write-to-xml-file-in-dynamics-ax/,https://automaly.com/posts/create-and-write-to-xml-file-in-dynamics-ax/
https://nuxulu.com/2015-02-12-x-performance-tips/,https://automaly.com/posts/x-performance-tips/
https://nuxulu.com/2015-05-08-infographic-tieu-tien-khon-ngoan-theo-quy-tac-6-chiec-lo/,https://automaly.com/posts/infographic-tieu-tien-khon-ngoan-theo-quy-tac-6-chiec-lo/
https://nuxulu.com/2015-05-12-execute-stored-procedure-from-x-code/,https://automaly.com/posts/execute-stored-procedure-from-x-code/
https://nuxulu.com/2015-05-13-execute-external-database-stored-procedure-from-x-code-using-odbc-connectivity/,https://automaly.com/posts/execute-external-database-stored-procedure-from-x-code-using-odbc-connectivity/
https://nuxulu.com/2015-05-13-how-to-deploy-all-the-reports-in-ax2012-by-using-management-shell/,https://automaly.com/posts/how-to-deploy-all-the-reports-in-ax2012-by-using-management-shell/
https://nuxulu.com/2015-05-29-start-the-day/,https://automaly.com/posts/start-the-day/
https://nuxulu.com/2015-06-09-list-page-interaction-class/,https://automaly.com/posts/list-page-interaction-class/
https://nuxulu.com/2015-07-01-axbuild-exe-for-parallel-compile-on-aos/,https://automaly.com/posts/axbuild-exe-for-parallel-compile-on-aos/
https://nuxulu.com/2015-07-02-modify-microsoft-dynamics-ax-2012-r3-ssrs-configurations/,https://automaly.com/posts/modify-microsoft-dynamics-ax-2012-r3-ssrs-configurations/
https://nuxulu.com/2015-08-04-web-services-on-iis-exception-has-been-thrown-by-the-target-of-an-invocation-ax-installation/,https://automaly.com/posts/web-services-on-iis-exception-has-been-thrown-by-the-target-of-an-invocation-ax-installation/
https://nuxulu.com/2015-11-03-defaultvale-combobox-in-x/,https://automaly.com/posts/defaultvale-combobox-in-x/
https://nuxulu.com/2015-11-03-rename-a-database-in-sql-server/,https://automaly.com/posts/rename-a-database-in-sql-server/
https://nuxulu.com/2015-11-13-how-to-use-like-operator-in-querybuildrange/,https://automaly.com/posts/how-to-use-like-operator-in-querybuildrange/
https://nuxulu.com/2015-11-17-caching-form-into-aos-to-increase-performance-for-dynamics-ax/,https://automaly.com/posts/caching-form-into-aos-to-increase-performance-for-dynamics-ax/
https://nuxulu.com/2015-11-20-ax-2012-r3-cu8-cu9-and-tfs-online-2013-error/,https://automaly.com/posts/ax-2012-r3-cu8-cu9-and-tfs-online-2013-error/
https://nuxulu.com/2015-12-16-how-to-install-2-instances-ssrs-on-1-server/,https://automaly.com/posts/how-to-install-2-instances-ssrs-on-1-server/
https://nuxulu.com/2015-12-30-how-to-use-operator-in-querybuildrange/,https://automaly.com/posts/how-to-use-operator-in-querybuildrange/
https://nuxulu.com/2016-01-07-link-type-and-join-types-in-ax-2012/,https://automaly.com/posts/link-type-and-join-types-in-ax-2012/
https://nuxulu.com/2016-01-15-only-integrated-security-is-supported-for-ax-queries/,https://automaly.com/posts/only-integrated-security-is-supported-for-ax-queries/
https://nuxulu.com/2016-01-15-ssrs-report-server-settings-validation-error-ax-2012-r3-cu9/,https://automaly.com/posts/ssrs-report-server-settings-validation-error-ax-2012-r3-cu9/
https://nuxulu.com/2016-01-17-how-to-verify-active-inventory-dimensions-on-an-item/,https://automaly.com/posts/how-to-verify-active-inventory-dimensions-on-an-item/
https://nuxulu.com/2016-07-05-create-record-in-dimensionattributevaluecombination-manually/,https://automaly.com/posts/create-record-in-dimensionattributevaluecombination-manually/
https://nuxulu.com/2016-10-07-ssrs-sql-server-reporting-services-expressions-or-functions-used-in-ssrs/,https://automaly.com/posts/ssrs-sql-server-reporting-services-expressions-or-functions-used-in-ssrs/
https://nuxulu.com/2016-11-08-microsoft_dyanmics_ax_2012_test_data_transfer_tool/,https://automaly.com/posts/microsoft_dyanmics_ax_2012_test_data_transfer_tool/
https://nuxulu.com/2016-11-08-understanding_modifedfield_table_method_in_dax_2012/,https://automaly.com/posts/understanding_modifedfield_table_method_in_dax_2012/
https://nuxulu.com/2016-11-10-types-services-microsoft-dynamics-ax-2012/,https://automaly.com/posts/types-services-microsoft-dynamics-ax-2012/
https://nuxulu.com/2016-11-25-the-type-system-of-dynamics-ax-2012/,https://automaly.com/posts/the-type-system-of-dynamics-ax-2012/
https://nuxulu.com/2016-12-26-posting-cust-payment-journal-using-x++/,https://automaly.com/posts/posting-cust-payment-journal-using-x++/
https://nuxulu.com/2016-12-27-crud-items-products-products-master-dimension-variants-using-aif-in-dynamics-ax-2012-r3/,https://automaly.com/posts/crud-items-products-products-master-dimension-variants-using-aif-in-dynamics-ax-2012-r3/
https://nuxulu.com/2016-12-28-crud-purchase-order-using-aif-in-dynamics-ax-2012-r3/,https://automaly.com/posts/crud-purchase-order-using-aif-in-dynamics-ax-2012-r3/
https://nuxulu.com/2016-12-28-insert-update-delete-order-line-through-aif-in-ax-2012-r3/,https://automaly.com/posts/insert-update-delete-order-line-through-aif-in-ax-2012-r3/
https://nuxulu.com/2016-12-29-crud-purchase-requisition-using-aif-in-dynamics-ax-2012-r3/,https://automaly.com/posts/crud-purchase-requisition-using-aif-in-dynamics-ax-2012-r3/
https://nuxulu.com/2016-12-30-useful-functions-to-use-in-ax-2012/,https://automaly.com/posts/useful-functions-to-use-in-ax-2012/
https://nuxulu.com/2017-01-01-difference-between-queryfilter-and-querybuildrange/,https://automaly.com/posts/difference-between-queryfilter-and-querybuildrange/
https://nuxulu.com/2017-01-02-ax1004-error/,https://automaly.com/posts/ax1004-error/
https://nuxulu.com/2017-01-02-recalculate-inventsum/,https://automaly.com/posts/recalculate-inventsum/
https://nuxulu.com/2017-01-02-simple-summary-keys-are-in-dynamics-ax/,https://automaly.com/posts/simple-summary-keys-are-in-dynamics-ax/
https://nuxulu.com/2017-01-02-using-methods-in-table-filters-query-ranges-in-dynamics-ax-2012/,https://automaly.com/posts/using-methods-in-table-filters-query-ranges-in-dynamics-ax-2012/
https://nuxulu.com/2017-01-03-simple-custom-serivce-in-ax-r3/,https://automaly.com/posts/simple-custom-serivce-in-ax-r3/
https://nuxulu.com/2017-01-10-block-vendor-and-send-email-for-notification-in-dynamics-ax/,https://automaly.com/posts/block-vendor-and-send-email-for-notification-in-dynamics-ax/
https://nuxulu.com/2017-01-11-aif-custom-response-value-in-dynamics-ax-2012-r3/,https://automaly.com/posts/aif-custom-response-value-in-dynamics-ax-2012-r3/
https://nuxulu.com/2017-01-12-handle-aif-error-messages-in-dynamics-ax-2012-r3/,https://automaly.com/posts/handle-aif-error-messages-in-dynamics-ax-2012-r3/
https://nuxulu.com/2017-01-12-how-to-create-http-adapter-port/,https://automaly.com/posts/how-to-create-http-adapter-port/
https://nuxulu.com/2017-01-12-respone-in-aif-custom-service-class/,https://automaly.com/posts/respone-in-aif-custom-service-class/
https://nuxulu.com/2017-01-19-number-sequence-farmework-in-dynamics-ax-2012/,https://automaly.com/posts/number-sequence-farmework-in-dynamics-ax-2012/
https://nuxulu.com/2017-01-19-overview-delete-action-in-dyanmics-ax-2012/,https://automaly.com/posts/overview-delete-action-in-dyanmics-ax-2012/
https://nuxulu.com/2017-03-29-how-to-create-main-menu-in-dynamics-ax-2012/,https://automaly.com/posts/how-to-create-main-menu-in-dynamics-ax-2012/
https://nuxulu.com/2017-04-10-oops_concept/,https://automaly.com/posts/oops_concept/
https://nuxulu.com/2017-07-24-management-reporter-in-dynamics-365-for-operation/,https://automaly.com/posts/management-reporter-in-dynamics-365-for-operation/
https://nuxulu.com/2017-08-07-exception-handling-in-dynamics-365-for-finance-and-operation/,https://automaly.com/posts/exception-handling-in-dynamics-365-for-finance-and-operation/
https://nuxulu.com/2019-08-05-database-sync-d365fo/,https://automaly.com/posts/database-sync-d365fo/
https://nuxulu.com/2019-09-28-technical-referece-report-data-entites-d365/,https://automaly.com/posts/technical-referece-report-data-entites-d365/
https://nuxulu.com/2019-10-10-extend-the-standard-reports-in-dynamics-365-finance-and-operations/,https://automaly.com/posts/extend-the-standard-reports-in-dynamics-365-finance-and-operations/
https://nuxulu.com/2019-10-15-insert-multiple-records-in-single-request-using-odata-from-postman/,https://automaly.com/posts/insert-multiple-records-in-single-request-using-odata-from-postman/
https://nuxulu.com/2019-11-05-business-events-and-https-endpoint/,https://automaly.com/posts/business-events-and-https-endpoint/
https://nuxulu.com/2019-12-16-consuming-dynamics-365-finance-and-operations-odata-services-from-net/,https://automaly.com/posts/consuming-dynamics-365-finance-and-operations-odata-services-from-net/
https://nuxulu.com/2019-12-17-dynamics-365-finance-and-operations-odata-consuming-length-cannot-be-less-than-zero/,https://automaly.com/posts/dynamics-365-finance-and-operations-odata-consuming-length-cannot-be-less-than-zero/
https://nuxulu.com/2019-12-18-enable-power-bi-embedded-in-cloud-hosted-dynamics-365-finance-and-operations-8.0-+/,https://automaly.com/posts/enable-power-bi-embedded-in-cloud-hosted-dynamics-365-finance-and-operations-8.0-+/
https://nuxulu.com/2020-01-01-ax-upgrade-assessment-clarification-questions/,https://automaly.com/posts/ax-upgrade-assessment-clarification-questions/
https://nuxulu.com/2020-01-01-microsoft-dynamics-ax-2012-update-process/,https://automaly.com/posts/microsoft-dynamics-ax-2012-update-process/
https://nuxulu.com/2020-01-25-create-po-confirm-receipt-post/,https://automaly.com/posts/create-po-confirm-receipt-post/
https://nuxulu.com/2020-04-05-azure-storage-emulator-port-conflict-with-existing-application/,https://automaly.com/posts/azure-storage-emulator-port-conflict-with-existing-application/
https://nuxulu.com/2020-04-06-getting-onebox-vhd-dynamics-365-finance-and-operations-virtual-machine/,https://automaly.com/posts/getting-onebox-vhd-dynamics-365-finance-and-operations-virtual-machine/
https://nuxulu.com/2023-02-14-comparation-finops-business-central-copy/,https://automaly.com/posts/comparation-finops-business-central-copy/
https://nuxulu.com/2020-05-10-database-sync-after-data-type-on-field-has-been-changed/,https://automaly.com/posts/database-sync-after-data-type-on-field-has-been-changed/
https://nuxulu.com/2020-04-09-how-to-ignore-standard-code-in-dynamics-365-finance-and-operations/,https://automaly.com/posts/how-to-ignore-standard-code-in-dynamics-365-finance-and-operations/
https://nuxulu.com/2020-05-24-dynamics-365-finops-data-integration-using-microsoft-forms-part-1/,https://automaly.com/posts/dynamics-365-finops-data-integration-using-microsoft-forms-part-1/
https://nuxulu.com/2020-06-28-dynamics-365-finops-data-integration-using-microsoft-forms-part-2/,https://automaly.com/posts/dynamics-365-finops-data-integration-using-microsoft-forms-part-2/
https://nuxulu.com/2020-06-30-a-good-example-of-trace-parser-visual-studio-and-excel/,https://automaly.com/posts/a-good-example-of-trace-parser-visual-studio-and-excel/
https://nuxulu.com/2020-06-30-a-good-tip-of-using-excel-to-analyse-insert-into-statement-captured-in-a-trace-file/,https://automaly.com/posts/a-good-tip-of-using-excel-to-analyse-insert-into-statement-captured-in-a-trace-file/
https://nuxulu.com/2020-06-30-create-a-new-database-for-trace-parser/,https://automaly.com/posts/create-a-new-database-for-trace-parser/
https://nuxulu.com/2020-06-30-how-to-upgrade-to-visual-studio-2017-.net-4.7.2/,https://automaly.com/posts/how-to-upgrade-to-visual-studio-2017-.net-4.7.2/
https://nuxulu.com/2020-07-14-d365fo.tools/,https://automaly.com/posts/d365fo.tools/
https://nuxulu.com/2020-08-15-dynamics365/,https://automaly.com/posts/dynamics365/
https://nuxulu.com/2020-07-08-ms-600-extending-sharepoint/,https://automaly.com/posts/ms-600-extending-sharepoint/
https://nuxulu.com/2020-07-07-platform-vs-framework/,https://automaly.com/posts/platform-vs-framework/
https://nuxulu.com/2020-08-17-testing-dynamics-365-finance-database-movement-api-with-postman/,https://automaly.com/posts/testing-dynamics-365-finance-database-movement-api-with-postman/
https://nuxulu.com/2021-01-27-deploy-ssrs-reports-in-dynamics-365-finance-scm-using-powershell/,https://automaly.com/posts/deploy-ssrs-reports-in-dynamics-365-finance-scm-using-powershell/
https://nuxulu.com/2021-05-25-all-about-odata-actions-in-dynamics-365-finance-and-operations/,https://automaly.com/posts/all-about-odata-actions-in-dynamics-365-finance-and-operations/
https://nuxulu.com/2021-10-07-extend-microsoft-365/,https://automaly.com/posts/extend-microsoft-365/
https://nuxulu.com/2021-10-10-batch-rename-files-to-lowercase/,https://automaly.com/posts/batch-rename-files-to-lowercase/
https://nuxulu.com/2021-10-08-git-cheatsheet/,https://automaly.com/posts/git-cheatsheet/
https://nuxulu.com/2021-11-05-windows-key-shortcuts/,https://automaly.com/posts/windows-key-shortcuts/
https://nuxulu.com/2021-10-20-common-prefixes-dyanmics-ax/,https://automaly.com/posts/common-prefixes-dyanmics-ax/
https://nuxulu.com/2021-12-21-troubleshooting-dvt-script-for-service-model/,https://automaly.com/posts/troubleshooting-dvt-script-for-service-model/
https://nuxulu.com/2022-06-20-unable-to-trace-error/,https://automaly.com/posts/unable-to-trace-error/
https://nuxulu.com/2022-09-18-admin-provisioning-tools/,https://automaly.com/posts/admin-provisioning-tools/
https://nuxulu.com/2022-09-28-remove-person-from-users/,https://automaly.com/posts/remove-person-from-users/
https://nuxulu.com/2022-09-23-add-custom-fields-to-composite-entity/,https://automaly.com/posts/add-custom-fields-to-composite-entity/
https://nuxulu.com/2022-10-10-date-time-function/,https://automaly.com/posts/date-time-function/
https://nuxulu.com/2022-10-27-how-to-get-d365-azure-blob-storage-str/,https://automaly.com/posts/how-to-get-d365-azure-blob-storage-str/
https://nuxulu.com/2022-10-20-how-to-remove-ssrs-reports-in-d365/,https://automaly.com/posts/how-to-remove-ssrs-reports-in-d365/
https://nuxulu.com/2022-11-09-reservation-and-on-hand-inventory-in-warehouse-management/,https://automaly.com/posts/reservation-and-on-hand-inventory-in-warehouse-management/
https://nuxulu.com/2022-11-13-extend-on-hand-entities-fin-ops/,https://automaly.com/posts/extend-on-hand-entities-fin-ops/
https://nuxulu.com/2023-01-01-metadata-search-in-visual-studio/,https://automaly.com/posts/metadata-search-in-visual-studio/
https://nuxulu.com/2023-01-01-advanced-query-syntax/,https://automaly.com/posts/advanced-query-syntax/
https://nuxulu.com/2023-01-01-filtering/,https://automaly.com/posts/filtering/
https://nuxulu.com/2023-01-20-microsoft-dynamics-365-ecosystem-map/,https://automaly.com/posts/microsoft-dynamics-365-ecosystem-map/
https://nuxulu.com/2023-01-26-comparation-finops-business-central/,https://automaly.com/posts/comparation-finops-business-central/
https://nuxulu.com/2023-02-02-vs-tips-finops/,https://automaly.com/posts/vs-tips-finops/
https://nuxulu.com/2023-02-05-mb-310/,https://automaly.com/posts/mb-310/
https://nuxulu.com/2023-02-05-mb-300/,https://automaly.com/posts/mb-300/
https://nuxulu.com/2023-02-05-mb-220/,https://automaly.com/posts/mb-220/
https://nuxulu.com/2023-02-14-comparation-finops-business-central copy/,https://automaly.com/posts/comparation-finops-business-central
https://nuxulu.com/2023-02-05-mb-700/,https://automaly.com/posts/mb-700/
https://nuxulu.com/2023-02-05-mb-500/,https://automaly.com/posts/mb-500/
https://nuxulu.com/2023-07-04-microsoft-dynamics-365-commerce-component-overview/,https://automaly.com/posts/microsoft-dynamics-365-commerce-component-overview/
